{
  "strategy": "A",
  "horizon_months": 12,
  "simulations": 20000,
  "mean_total_payout": 29138.25226089533,
  "median_total_payout": 26517.773196967053,
  "p10_total_payout": 8428.038525618082,
  "p90_total_payout": 52900.42476832613,
  "prob_total_ge_10k": 0.85205,
  "prob_total_ge_50k": 0.1274,
  "prob_total_ge_100k": 0.0007,
  "prob_no_payout": 0.02725,
  "prob_any_account_death": 0.0,
  "mean_monthly_payouts": [
    0.0,
    1652.56,
    2926.51,
    4642.29,
    3470.15,
    3221.58,
    3310.86,
    3351.33,
    2623.97,
    2379.94,
    1144.55,
    414.51
  ],
  "median_monthly_payouts": [
    0.0,
    488.57,
    2164.99,
    3635.07,
    2781.13,
    2392.67,
    2453.73,
    2323.14,
    1962.61,
    2057.7,
    370.93,
    0.0
  ],
  "mean_cumulative_payouts": [
    0.0,
    1652.56,
    4579.07,
    9221.36,
    12691.51,
    15913.1,
    19223.95,
    22575.28,
    25199.25,
    27579.19,
    28723.74,
    29138.25
  ],
  "median_cumulative_payouts": [
    0.0,
    488.57,
    3676.13,
    7744.07,
    11190.1,
    14617.38,
    17413.8,
    20003.67,
    22332.96,
    24824.67,
    26255.55,
    26517.77
  ]
}