{
  "strategy": "B",
  "horizon_months": 12,
  "simulations": 20000,
  "mean_total_payout": 38112.91222256118,
  "median_total_payout": 35413.51268367314,
  "p10_total_payout": 11889.346821151328,
  "p90_total_payout": 67830.59275631653,
  "prob_total_ge_10k": 0.91495,
  "prob_total_ge_50k": 0.26795,
  "prob_total_ge_100k": 0.01115,
  "prob_no_payout": 0.0136,
  "prob_any_account_death": 0.0,
  "mean_monthly_payouts": [
    0.0,
    13.29,
    1170.06,
    2820.3,
    4776.69,
    5030.37,
    4977.06,
    4565.28,
    4608.72,
    4090.47,
    3594.21,
    2466.47
  ],
  "median_monthly_payouts": [
    0.0,
    0.0,
    0.0,
    2014.65,
    3933.49,
    4109.68,
    3976.11,
    3504.45,
    3422.99,
    3068.86,
    2868.65,
    2057.7
  ],
  "mean_cumulative_payouts": [
    0.0,
    13.29,
    1183.34,
    4003.64,
    8780.34,
    13810.71,
    18787.77,
    23353.04,
    27961.76,
    32052.23,
    35646.44,
    38112.91
  ],
  "median_cumulative_payouts": [
    0.0,
    0.0,
    0.0,
    2676.44,
    7284.28,
    12142.58,
    17252.94,
    21365.72,
    25394.43,
    29068.97,
    32718.74,
    35413.51
  ]
}