{
  "firm": "ftmo",
  "months": 12,
  "account_size": 100000.0,
  "payout_split": 0.7,
  "payout_interval_days": 20,
  "ratchet_fraction": 0.05,
  "summary": {
    "num_runs": 18,
    "passive_survival_rate": 1.0,
    "prob_account_death": 0.0,
    "avg_total_payout": 10865.595039382426,
    "median_total_payout": 8763.596318917927,
    "p10_total_payout": 1153.584391549453,
    "p90_total_payout": 19681.21141331889,
    "prob_at_least_one_payout": 0.8888888888888888,
    "prob_total_payout_ge_10k": 0.3333333333333333,
    "prob_total_payout_ge_20k": 0.1111111111111111,
    "prob_total_payout_ge_50k": 0.0,
    "p_at_least_one_payout_ge_5k": 0.05555555555555555,
    "mean_time_to_first_payout_days": 22.75,
    "median_time_to_first_payout_days": 20.0,
    "payout_rate_per_run": 6.277777777777778,
    "max_daily_loss_observed": 0.019815842928860086,
    "max_trailing_dd_observed": 0.05959765797707786,
    "mean_monthly_payout": 905.4662532818688,
    "median_monthly_payout": 730.2996932431606
  }
}