{
  "pass_rate": 0.0,
  "mean_return": 0.024950799853052673,
  "median_return": 0.02881243415415613,
  "max_daily_loss": 0.010293286941921076,
  "max_trailing_dd": 0.041130443990642376,
  "mean_trades_per_run": 89.5,
  "mean_trades_per_symbol": {
    "EURUSD": 113.1
  },
  "runs": 10,
  "step": null
}