{
  "pass_rate": 0.75,
  "mean_return": 0.08439775406616654,
  "median_return": 0.09649751348929336,
  "max_daily_loss": 0.02003573811957414,
  "max_trailing_dd": 0.0732857591846586,
  "mean_trades_per_run": 324.5,
  "mean_trades_per_symbol": {
    "EURUSD": 196.25,
    "GBPUSD": 182.125,
    "USDJPY": 149.75
  },
  "runs": 8,
  "step": null
}